topic_id,theme_label,reviews_with_topic,present_frequency,impact_coefficient_topic_part,abs_impact_topic_part,confidence_stability,risk_score_simple,risk_score_confidence,issue_class
4,Consultation & Positive Patient Experience,358,0.35943775100401604,0.020184673615278197,0.020184673615278197,0.8384719912079788,0.007255133689025696,0.006083226390717464,Systemic
1,Clinical Care & Treatment Quality,284,0.285140562248996,-0.022563000439549837,0.022563000439549837,0.8328040985648888,0.006433626631357584,0.005357950627230814,Systemic
2,Overall Service & Facility Cleanliness,185,0.1857429718875502,0.01331269959631441,0.01331269959631441,0.7536255304155022,0.0024727403868656283,0.0018635202856314432,Recurring
5,Wait Time & Operational Efficiency,173,0.17369477911646586,-0.00855002274291124,0.00855002274291124,0.5450147127692433,0.0014850943117707275,0.00080939824976496,Recurring
3,Emergency Service Failures,250,0.25100401606425704,-0.005167228547060124,0.005167228547060124,0.2686567990932085,0.001296995117233967,0.00034844655663559827,Recurring
